_id,userId,firstName,lastName,age,gender,login,password,email,haveCoach,permission,activeGymPass,gympassId,gympassName,coachFullName,address,phoneNumber,photo
6485c5733a0a45b56f3ddc36,1,Michał,Nowak,35,Male,Admin,admin,loupummoukausau-7531@yopmail.com,false,admin,false,,,,Matthieu Scotting,Apt 1560,305-623-1069
6485c6013a0a45b56f3ddc3a,2,Rafał,Leszczyński,28,Male,michal123,coach,quavacraffudi-5583@yopmail.com,false,coach,true,6485b0f83a0a45b56f3ddc1e,zdrowie,,PO Box 49113,576-937-8522
6485c65c3a0a45b56f3ddc3c,3,Adam,Kowalski,22,Male,mada32,user,crecepimmeizoi-2214@yopmail.com,true,user,true,6485b0f83a0a45b56f3ddc1e,zdrowie,Rafał Leszczyński,Apt 623,709-137-1125
6710d131fc13ae5dae4fe59a,1,Ferris,Twigley,6079,Male,ftwigley0,"jbpkL7/,_J+R!(",ftwigley0@nsw.gov.au,true,admin,true,6485b0c93a0a45b56f3ddc1c,Rozwój,Ferris Twigley,PO Box 28175,933-108-7739
6710d131fc13ae5dae4fe59b,2,Jocelyn,Randal,6,Female,jrandal1,"xucfP7,nYD",jrandal1@springer.com,true,admin,false,6485b0713a0a45b56f3ddc1a,Zabawa,Jocelyn Randal,PO Box 25762,944-482-5469
6710d131fc13ae5dae4fe59c,3,Gay,Mably,79,Female,gmably2,fobxL6<@h&ELGgD6,gmably2@answers.com,true,admin,false,6485b0713a0a45b56f3ddc1a,Rozwój,Gay Mably,Room 1741,545-619-2924
6710d131fc13ae5dae4fe59d,4,Collie,Nobes,0,Female,cnobes3,ccqaR5(+`,cnobes3@google.co.uk,false,admin,true,6485b0f83a0a45b56f3ddc1e,Rozwój,Collie Nobes,Suite 72,926-385-5732
6710d131fc13ae5dae4fe59e,5,Scotti,Dane,042,Male,sdane4,samjD5_UU3,sdane4@dion.ne.jp,true,user,false,6485b0713a0a45b56f3ddc1a,Zabawa,Scotti Dane,19th Floor,272-283-8836
6710d131fc13ae5dae4fe59f,6,Pierce,Dranfield,8,Male,pdranfield5,rvrpF8*M#++L,pdranfield5@stanford.edu,false,coach,true,6485b0713a0a45b56f3ddc1a,Zdrowie,Pierce Dranfield,PO Box 24163,980-606-3801
6710d131fc13ae5dae4fe5a0,7,Angus,Mintoff,0177,Male,amintoff6,wcgfK2!H,amintoff6@businessweek.com,true,user,true,6485b0c93a0a45b56f3ddc1c,Rozwój,Angus Mintoff,PO Box 279,875-589-4513
6710d131fc13ae5dae4fe5a1,8,Eada,Zold,2,Female,ezold7,tgqgI3'&9d{,ezold7@tamu.edu,true,user,true,6485b0f83a0a45b56f3ddc1e,Zabawa,Eada Zold,Room 894,334-816-7291
6710d131fc13ae5dae4fe5a2,9,Baxie,Mandifield,670,Male,bmandifield8,lskxA5`4sL3X,bmandifield8@newyorker.com,true,user,true,6485b0f83a0a45b56f3ddc1e,Rozwój,Baxie Mandifield,5th Floor,706-223-2676
6710d131fc13ae5dae4fe5a3,10,Atlanta,Brennand,6,Female,abrennand9,dzjmI5\uIb2xL,abrennand9@senate.gov,false,user,true,6485b0713a0a45b56f3ddc1a,Zdrowie,Atlanta Brennand,PO Box 63607,999-796-1441
6710d131fc13ae5dae4fe5a4,11,Elsie,Latour,98597,Female,elatoura,"oizmN6+CZ={N""/",elatoura@va.gov,true,user,true,6485b0c93a0a45b56f3ddc1c,Zdrowie,Elsie Latour,Suite 6,174-834-8011
6710d131fc13ae5dae4fe5a5,12,Jim,Burrel,00144,Male,jburrelb,"bmstD8/1M,S",jburrelb@dot.gov,true,admin,false,6485b0c93a0a45b56f3ddc1c,Zabawa,Jim Burrel,Apt 789,989-701-4411
6710d131fc13ae5dae4fe5a6,13,Elyse,MacKowle,651,Female,emackowlec,bmqlG8|TBvG=*,emackowlec@skype.com,true,admin,true,6485b0c93a0a45b56f3ddc1c,Zabawa,Elyse MacKowle,Room 1760,472-215-1995
6710d131fc13ae5dae4fe5a7,14,Amerigo,Simionescu,5,Male,asimionescud,gcipV7&hK!'3,asimionescud@marketwatch.com,true,admin,true,6485b0713a0a45b56f3ddc1a,Zdrowie,Amerigo Simionescu,Suite 41,319-731-5475
6710d131fc13ae5dae4fe5a8,15,Celine,De Lasci,09391,Female,cdee,gnciF2+mWFc1>\5,cdee@spiegel.de,true,admin,false,6485b0713a0a45b56f3ddc1a,Rozwój,Celine De Lasci,Suite 9,690-222-0430
6710d131fc13ae5dae4fe5a9,16,Bud,Cocking,2,Male,bcockingf,iacwU5{2eo,bcockingf@blogspot.com,false,coach,false,6485b0f83a0a45b56f3ddc1e,Zdrowie,Bud Cocking,19th Floor,600-633-5725
6710d131fc13ae5dae4fe5aa,17,Berthe,Yancey,2,Female,byanceyg,hnleR0`'p\<?w,byanceyg@1und1.de,false,coach,true,6485b0713a0a45b56f3ddc1a,Rozwój,Berthe Yancey,Apt 1678,784-130-1486
6710d131fc13ae5dae4fe5ab,18,Beverlee,BURWIN,467,Female,bburwinh,fnuuH2*1,bburwinh@wufoo.com,true,coach,false,6485b0f83a0a45b56f3ddc1e,Zdrowie,Beverlee BURWIN,Apt 4,242-285-3225
6710d131fc13ae5dae4fe5ac,19,Andrey,Guyer,32597,Male,aguyeri,gtelU8<3YE\{|,aguyeri@dot.gov,false,coach,false,6485b0f83a0a45b56f3ddc1e,Rozwój,Andrey Guyer,Apt 1117,988-306-0341
6710d131fc13ae5dae4fe5ad,20,Horatius,Yoell,61,Male,hyoellj,fwmtP0/f?TSd,hyoellj@washingtonpost.com,false,admin,false,6485b0713a0a45b56f3ddc1a,Zabawa,Horatius Yoell,6th Floor,925-774-9888