_id,postId,userName,title,content,photo,createdAt
6485af7a3a0a45b56f3ddc15,1,Admin,Testowy1,"Lorem ipsum dolor sit amet, consectetur adipiscing elit. Praesent sit amet tempor dui. Vivamus sem dui, mattis rhoncus egestas eu, fermentum at magna. Sed sagittis, odio ac hendrerit faucibus, risus nibh euismod augue, nec posuere justo ipsum eu lacus. Etiam arcu eros, fermentum ac velit id, sagittis varius lacus. Maecenas malesuada lorem ut augue semper pretium. Duis ipsum nisi, aliquam non felis at, consectetur molestie turpis. Morbi ornare tortor ut urna tincidunt, id elementum dolor auctor. Nunc congue metus eu aliquam faucibus. Ut quis mauris vulputate, elementum tellus eu, eleifend mauris. Duis et justo sollicitudin, sagittis tortor tincidunt, pulvinar justo. Fusce at tincidunt ligula. Pellentesque ut feugiat justo. Nullam sagittis magna vitae ipsum iaculis, in sodales diam sollicitudin. Ut rutrum urna eget urna condimentum ultricies. Fusce arcu neque, posuere at tempus vitae, euismod maximus metus. Duis a lorem quis erat efficitur lobortis vitae sed sem. Nullam consequat eros ex, quis."
6485afb33a0a45b56f3ddc17,2,Testowe,Tytuł,Lorem
6710d41efc13ae5d474fe5e4,1,cstrognell0,Thomas Pynchon: A Journey into the Mind of P.,Reanastomosis of urethra
6710d41efc13ae5d474fe5e5,2,jlinacre1,Wah-Wah,Other computerized axial tomography
6710d41efc13ae5d474fe5e6,3,mdavidescu2,Fade to Black,Dilation of urethra
6710d41efc13ae5d474fe5e7,4,cstag3,November,Radical vulvectomy
6710d41efc13ae5d474fe5e8,5,mibell4,Enter the Ninja (a.k.a. Ninja I),Other repair of anal sphincter
6710d41efc13ae5d474fe5e9,6,nepinay5,"Batman: The Dark Knight Returns, Part 1",Labial frenotomy
6710d41efc13ae5d474fe5ea,7,dbertomeu6,Drive Hard,"Implantation or replacement of carotid sinus stimulation device, total system"
6710d41efc13ae5d474fe5eb,8,agilberthorpe7,12 Storeys (Shier lou),Pericardiectomy
6710d41efc13ae5d474fe5ec,9,zfawckner8,Grown Up Movie Star,Suture of thyroid gland
6710d41efc13ae5d474fe5ed,10,plewson9,Tyler Perry's Madea's Witness Protection,Exenteration of orbit with therapeutic removal of orbital bone
6710d41efc13ae5d474fe5ee,11,cwitcomba,"Little Shop of Horrors, The","Eye examination, not otherwise specified"
6710d41efc13ae5d474fe5ef,12,ygibbinsb,All the Brothers Were Valiant,Suture of capsule or ligament of ankle and foot
6710d41efc13ae5d474fe5f0,13,bstringfellowc,Mr. Peabody & Sherman,Electrolysis and other epilation of skin
6710d41efc13ae5d474fe5f1,14,kpeevord,"With a Friend Like Harry... (Harry, un ami qui vous veut du bien)",Intravascular imaging of non-coronary vessel(s) by optical coherence tomography [OCT]
6710d41efc13ae5d474fe5f2,15,kpolake,Summer Stock,"Limb shortening procedures, tarsals and metatarsals"
6710d41efc13ae5d474fe5f3,16,hridlerf,Sharktopus,Intranasal antrotomy
6710d41efc13ae5d474fe5f4,17,bmaryg,Shades of Fern (Stín kapradiny),"Application of external fixator device, patella"
6710d41efc13ae5d474fe5f5,18,cbasleyh,Mallrats,Induction of labor by artificial rupture of membranes
6710d41efc13ae5d474fe5f6,19,mmerrywetheri,"Court-Martial of Billy Mitchell, The","Refusion of spine, not otherwise specified"
6710d41efc13ae5d474fe5f7,20,cblaverj,Satan's Little Helper,Endoscopic control of gastric or duodenal bleeding
